system,role,cv_roc_auc_mean,roc_auc,roc_auc_low,roc_auc_high,cohen_kappa,cohen_kappa_low,cohen_kappa_high,delta_auc_vs_laya_multi_pt:panel:max,p_holm_vs_laya_multi_pt:panel:max,delta_auc_vs_xnli_mdeberta:entailment:max,p_holm_vs_xnli_mdeberta:entailment:max
laya_en_en:learned_cross_model_with_pt,selected,0.8657,0.8758,0.8218,0.915,0.4411,0.298,0.555,0.0944,0.7832,0.106,0.7832
laya_en_en:learned_cross_model,above_cv_floor,0.8551,0.8643,0.8087,0.9059,0.3907,0.233,0.5192,0.0829,0.7832,0.0945,0.7832
laya_en_en_m2m100:learned_cross_model,above_cv_floor,0.8558,0.8621,0.8042,0.9058,0.4085,0.2698,0.5387,0.0807,0.7832,0.0923,0.7832
laya_multi_pt:learned_cross_model,above_cv_floor,0.8506,0.8608,0.8107,0.8983,0.3581,0.2301,0.4718,0.0794,0.7832,0.091,0.7832
laya_en_en:learned,above_cv_floor,0.8266,0.8274,0.7678,0.8742,0.3681,0.2315,0.4799,0.046,1.0,0.0576,1.0
laya_en_en:p2_nli_reversed:max,above_cv_floor,0.8179,0.8172,0.7475,0.8667,0.2817,0.1761,0.372,0.0358,1.0,0.0474,1.0
laya_en_en:nli_order_mean:max,above_cv_floor,0.8179,0.817,0.7479,0.8655,0.2714,0.1671,0.368,0.0356,1.0,0.0472,1.0
laya_en_en:p1_nli:max,above_cv_floor,0.8177,0.8166,0.7471,0.8652,0.2807,0.176,0.3749,0.0352,1.0,0.0468,1.0
laya_en_en:panel[nli_order_mean+p3_inferable]:max,above_cv_floor,0.8188,0.8161,0.7461,0.8649,0.2718,0.1452,0.3857,0.0347,1.0,0.0463,1.0
laya_en_en:p2_nli_reversed:noisy_or,above_cv_floor,0.812,0.8154,0.7442,0.8666,0.2623,0.1534,0.3556,0.034,1.0,0.0456,1.0
laya_en_en_m2m100:p2_nli_reversed:max,above_cv_floor,0.8146,0.815,0.7568,0.8597,0.2934,0.1842,0.4072,0.0336,1.0,0.0452,1.0
laya_en_en:nli_order_mean:noisy_or,above_cv_floor,0.8125,0.815,0.744,0.866,0.2617,0.1607,0.3575,0.0336,1.0,0.0452,1.0
laya_en_en:panel[nli_order_mean+p4_supports]:max,above_cv_floor,0.8181,0.8149,0.7432,0.8646,0.2751,0.1483,0.3905,0.0335,1.0,0.0451,1.0
laya_en_en_m2m100:nli_order_mean:max,above_cv_floor,0.8147,0.8148,0.7559,0.8611,0.2871,0.1788,0.4026,0.0334,1.0,0.045,1.0
laya_en_en:p1_nli:noisy_or,above_cv_floor,0.8126,0.8139,0.7429,0.8653,0.2707,0.165,0.3715,0.0325,1.0,0.0441,1.0
laya_en_en:panel[nli_order_mean+p3_inferable]:noisy_or,above_cv_floor,0.8135,0.8138,0.7414,0.8652,0.2786,0.1685,0.3775,0.0324,1.0,0.044,1.0
laya_en_en_m2m100:p1_nli:max,above_cv_floor,0.8144,0.8137,0.7547,0.8597,0.2786,0.1791,0.3821,0.0323,1.0,0.0439,1.0
laya_en_en:panel[nli_order_mean+p4_supports]:noisy_or,above_cv_floor,0.8138,0.8135,0.7413,0.8646,0.2835,0.1723,0.3805,0.0321,1.0,0.0437,1.0
laya_en_en:panel[nli_order_mean+p3_inferable+p4_supports]:max,above_cv_floor,0.818,0.8134,0.74,0.865,0.2665,0.1408,0.3805,0.032,1.0,0.0436,1.0
laya_en_en_m2m100:panel[nli_order_mean+p4_supports]:max,above_cv_floor,0.8139,0.8131,0.7539,0.8597,0.2636,0.1566,0.3699,0.0317,1.0,0.0433,1.0
laya_en_en:panel[nli_order_mean+p3_inferable+p4_supports+p8_similarity]:max,above_cv_floor,0.8159,0.813,0.7425,0.864,0.2643,0.14,0.3745,0.0316,1.0,0.0432,1.0
laya_en_en:panel[nli_order_mean+p3_inferable+p8_similarity]:max,above_cv_floor,0.8142,0.813,0.7433,0.8634,0.2595,0.1385,0.3673,0.0316,1.0,0.0432,1.0
laya_en_en:panel[nli_order_mean+p4_supports+p8_similarity]:max,above_cv_floor,0.8137,0.8123,0.7424,0.8635,0.2534,0.1308,0.3677,0.0309,1.0,0.0425,1.0
laya_en_en:panel[nli_order_mean+p3_inferable+p4_supports]:noisy_or,above_cv_floor,0.8137,0.812,0.7393,0.8642,0.2835,0.1693,0.3836,0.0306,1.0,0.0422,1.0
laya_en_en_m2m100:panel[nli_order_mean+p3_inferable]:max,above_cv_floor,0.8133,0.8116,0.7515,0.8599,0.2958,0.1539,0.4155,0.0302,1.0,0.0418,1.0
laya_en_en_m2m100:learned,above_cv_floor,0.8247,0.8113,0.7442,0.8605,0.3135,0.1864,0.4268,0.0299,1.0,0.0415,1.0
laya_en_en_m2m100:panel[nli_order_mean+p3_inferable+p4_supports]:max,above_cv_floor,0.8128,0.8107,0.7503,0.8583,0.2625,0.15,0.3742,0.0293,1.0,0.0409,1.0
laya_en_en:panel[nli_order_mean+p8_similarity]:max,above_cv_floor,0.8095,0.8098,0.7417,0.8613,0.2872,0.1743,0.3888,0.0284,1.0,0.04,1.0
laya_en_en:panel[nli_order_mean+p3_inferable+p4_supports+p7_coverage]:max,above_cv_floor,0.8127,0.8096,0.732,0.8628,0.2543,0.1413,0.3602,0.0282,1.0,0.0398,1.0
laya_en_en_m2m100:panel[nli_order_mean+p3_inferable+p4_supports+p8_similarity]:max,above_cv_floor,0.812,0.8093,0.7502,0.8569,0.2924,0.168,0.4097,0.0279,1.0,0.0395,1.0
laya_en_en_m2m100:p4_supports:max,above_cv_floor,0.8095,0.8091,0.7464,0.8579,0.2953,0.1985,0.3934,0.0277,1.0,0.0393,1.0
laya_multi_pt:learned,above_cv_floor,0.8052,0.8091,0.7445,0.8571,0.3295,0.1934,0.4586,0.0277,1.0,0.0393,1.0
laya_en_en:panel[nli_order_mean+p3_inferable+position_order_mean]:max,above_cv_floor,0.8176,0.809,0.7359,0.8602,0.285,0.1865,0.3757,0.0276,1.0,0.0392,1.0
laya_en_en:panel[nli_order_mean+p4_supports+position_order_mean]:max,above_cv_floor,0.8173,0.8084,0.7336,0.8597,0.292,0.1818,0.3903,0.027,1.0,0.0386,1.0
laya_en_en:panel[nli_order_mean+p3_inferable+p4_supports+position_order_mean]:max,above_cv_floor,0.8185,0.8083,0.7319,0.8604,0.2873,0.1874,0.3784,0.0269,1.0,0.0385,1.0
laya_en_en:panel[nli_order_mean+p3_inferable+p7_coverage]:max,above_cv_floor,0.8107,0.8083,0.7324,0.8615,0.2613,0.1472,0.3662,0.0269,1.0,0.0385,1.0
laya_en_en:panel[p3_inferable+p4_supports]:noisy_or,above_cv_floor,0.8121,0.8082,0.7338,0.8629,0.2985,0.1775,0.4022,0.0268,1.0,0.0384,1.0
laya_en_en_m2m100:panel[nli_order_mean+p4_supports+p8_similarity]:max,above_cv_floor,0.8115,0.8082,0.7499,0.855,0.2643,0.157,0.3747,0.0268,1.0,0.0384,1.0
laya_en_en:panel[nli_order_mean+p3_inferable+p4_supports+position_order_mean+p8_similarity]:max,above_cv_floor,0.8149,0.8079,0.735,0.859,0.2966,0.1982,0.3851,0.0265,1.0,0.0381,1.0
laya_en_en:p4_supports:noisy_or,above_cv_floor,0.8118,0.8079,0.7337,0.862,0.3037,0.1813,0.4058,0.0265,1.0,0.0381,1.0
laya_en_en_m2m100:panel[p3_inferable+p4_supports]:max,above_cv_floor,0.8098,0.8079,0.7454,0.858,0.2659,0.1746,0.3583,0.0265,1.0,0.0381,1.0
laya_en_en:p3_inferable:max,above_cv_floor,0.8166,0.8078,0.7307,0.8612,0.2937,0.1616,0.415,0.0264,1.0,0.038,1.0
laya_en_en:panel[nli_order_mean+position_order_mean]:max,above_cv_floor,0.8147,0.8078,0.739,0.8552,0.2822,0.1941,0.3614,0.0264,1.0,0.038,1.0
laya_en_en:panel[p3_inferable+p4_supports]:max,above_cv_floor,0.816,0.8077,0.7302,0.861,0.3005,0.1756,0.4091,0.0263,1.0,0.0379,1.0
laya_en_en:panel[p3_inferable+p4_supports+p8_similarity]:max,above_cv_floor,0.8132,0.8075,0.7348,0.8602,0.292,0.1802,0.3962,0.0261,1.0,0.0377,1.0
laya_en_en:panel[nli_order_mean+p3_inferable+position_order_mean+p8_similarity]:max,above_cv_floor,0.8133,0.8074,0.7373,0.8572,0.2992,0.1945,0.3938,0.026,1.0,0.0376,1.0
laya_en_en:p3_inferable:noisy_or,above_cv_floor,0.8116,0.8074,0.7319,0.8618,0.307,0.181,0.4153,0.026,1.0,0.0376,1.0
laya_en_en:panel[nli_order_mean+p4_supports+p7_coverage]:max,above_cv_floor,0.8102,0.8073,0.7316,0.8607,0.2732,0.1574,0.3766,0.0259,1.0,0.0375,1.0
laya_en_en_m2m100:panel[nli_order_mean+p3_inferable+p8_similarity]:max,above_cv_floor,0.8112,0.8068,0.7485,0.8549,0.2636,0.1623,0.3656,0.0254,1.0,0.037,1.0
laya_en_en:panel[nli_order_mean+p3_inferable+p4_supports+p7_coverage+p8_similarity]:max,above_cv_floor,0.811,0.8067,0.7316,0.8604,0.2625,0.1403,0.3728,0.0253,1.0,0.0369,1.0
laya_en_en:nli_order_mean:top2_mean,above_cv_floor,0.8021,0.8066,0.7361,0.8592,0.2684,0.1551,0.3714,0.0252,1.0,0.0368,1.0
laya_en_en:p1_nli:top2_mean,above_cv_floor,0.8019,0.8065,0.7358,0.8604,0.2548,0.14,0.3633,0.0251,1.0,0.0367,1.0
laya_en_en:p2_nli_reversed:top2_mean,above_cv_floor,0.8019,0.8064,0.736,0.8593,0.2859,0.1733,0.3871,0.025,1.0,0.0366,1.0
laya_en_en:panel[nli_order_mean+p4_supports+position_order_mean+p8_similarity]:max,above_cv_floor,0.8129,0.8061,0.7345,0.8565,0.3003,0.1994,0.3925,0.0247,1.0,0.0363,1.0
laya_en_en_m2m100:p3_inferable:max,above_cv_floor,0.8094,0.8061,0.7451,0.8565,0.2882,0.177,0.3901,0.0247,1.0,0.0363,1.0
laya_en_en:p4_supports:max,above_cv_floor,0.8146,0.806,0.7293,0.8606,0.3032,0.1777,0.4085,0.0246,1.0,0.0362,1.0
laya_en_en:panel[nli_order_mean+p3_inferable+p4_supports+position_order_mean+p7_coverage]:max,above_cv_floor,0.8126,0.8059,0.7281,0.8586,0.2652,0.127,0.396,0.0245,1.0,0.0361,1.0
laya_en_en_m2m100:panel[nli_order_mean+p3_inferable+p4_supports+position_order_mean]:max,above_cv_floor,0.8137,0.8054,0.7469,0.8547,0.2669,0.1646,0.3752,0.024,1.0,0.0356,1.0
laya_en_en:panel[nli_order_mean+p3_inferable+p4_supports+position_order_mean]:noisy_or,above_cv_floor,0.8131,0.8053,0.7338,0.8585,0.2722,0.173,0.3646,0.0239,1.0,0.0355,1.0
laya_en_en:panel[nli_order_mean+p3_inferable+p7_coverage+p8_similarity]:max,above_cv_floor,0.8087,0.8053,0.7317,0.8582,0.2601,0.1389,0.3708,0.0239,1.0,0.0355,1.0
laya_en_en:panel[nli_order_mean+p3_inferable+p4_supports+p8_similarity]:noisy_or,above_cv_floor,0.8103,0.8052,0.7328,0.8584,0.2759,0.1701,0.3739,0.0238,1.0,0.0354,1.0
laya_en_en_m2m100:p1_nli:noisy_or,above_cv_floor,0.8054,0.8052,0.7473,0.8538,0.2786,0.1726,0.3866,0.0238,1.0,0.0354,1.0
laya_en_en_m2m100:panel[nli_order_mean+p8_similarity]:max,above_cv_floor,0.8085,0.8051,0.7471,0.8509,0.2494,0.148,0.3623,0.0237,1.0,0.0353,1.0
laya_en_en_m2m100:panel[nli_order_mean+p3_inferable+p4_supports+p7_coverage]:max,above_cv_floor,0.808,0.8051,0.7442,0.8537,0.2792,0.1622,0.3941,0.0237,1.0,0.0353,1.0
laya_en_en:panel[nli_order_mean+p3_inferable]:top2_mean,above_cv_floor,0.8028,0.8049,0.7332,0.859,0.2882,0.1581,0.4011,0.0235,1.0,0.0351,1.0
laya_en_en_m2m100:panel[nli_order_mean+p4_supports+position_order_mean]:max,above_cv_floor,0.8139,0.8048,0.7471,0.8523,0.2791,0.1752,0.3785,0.0234,1.0,0.035,1.0
laya_en_en:panel[nli_order_mean+p4_supports+p7_coverage+p8_similarity]:max,above_cv_floor,0.8083,0.8048,0.73,0.8581,0.2735,0.1461,0.3872,0.0234,1.0,0.035,1.0
laya_en_en_m2m100:nli_order_mean:noisy_or,above_cv_floor,0.8053,0.8047,0.7469,0.853,0.2848,0.1794,0.3959,0.0233,1.0,0.0349,1.0
laya_en_en:panel[nli_order_mean+p3_inferable+p4_supports+position_order_mean+p7_coverage+p8_similarity]:max,above_cv_floor,0.8107,0.8045,0.7282,0.8564,0.2748,0.1701,0.3739,0.0231,1.0,0.0347,1.0
laya_en_en:panel[nli_order_mean+p3_inferable+position_order_mean+p7_coverage]:max,above_cv_floor,0.8105,0.8045,0.7285,0.8559,0.2814,0.171,0.3749,0.0231,1.0,0.0347,1.0
laya_en_en:panel[nli_order_mean+position_order_mean+p8_similarity]:max,above_cv_floor,0.8094,0.8045,0.7375,0.8527,0.3109,0.2167,0.3976,0.0231,1.0,0.0347,1.0
laya_en_en:panel[nli_order_mean+p4_supports]:top2_mean,above_cv_floor,0.8024,0.8045,0.7323,0.8583,0.2692,0.1363,0.3896,0.0231,1.0,0.0347,1.0
laya_en_en:panel[nli_order_mean+p7_coverage]:max,above_cv_floor,0.8047,0.8044,0.7294,0.8569,0.2825,0.196,0.3656,0.023,1.0,0.0346,1.0
laya_en_en:panel[nli_order_mean+p4_supports+position_order_mean+p7_coverage]:max,above_cv_floor,0.8101,0.8041,0.7285,0.8552,0.2979,0.1982,0.3879,0.0227,1.0,0.0343,1.0
laya_en_en_m2m100:panel[nli_order_mean+p3_inferable+p4_supports+position_order_mean+p8_similarity]:max,above_cv_floor,0.8116,0.804,0.7457,0.8517,0.2485,0.1414,0.3593,0.0226,1.0,0.0342,1.0
laya_en_en_m2m100:panel[nli_order_mean+p4_supports+p7_coverage]:max,above_cv_floor,0.8062,0.8037,0.743,0.8522,0.2664,0.1645,0.3718,0.0223,1.0,0.0339,1.0
laya_en_en:panel[p3_inferable+p8_similarity]:max,above_cv_floor,0.8103,0.8036,0.7332,0.8562,0.2619,0.1383,0.3754,0.0222,1.0,0.0338,1.0
laya_en_en_m2m100:panel[nli_order_mean+p4_supports]:noisy_or,above_cv_floor,0.8059,0.8035,0.7432,0.8538,0.2844,0.1651,0.4089,0.0221,1.0,0.0337,1.0
laya_en_en_m2m100:p2_nli_reversed:noisy_or,above_cv_floor,0.805,0.8035,0.7454,0.8518,0.2821,0.171,0.4011,0.0221,1.0,0.0337,1.0
laya_en_en_m2m100:panel[nli_order_mean+p3_inferable+position_order_mean]:max,above_cv_floor,0.8132,0.8034,0.7446,0.8518,0.2685,0.1652,0.3689,0.022,1.0,0.0336,1.0
laya_en_en:panel[nli_order_mean+p3_inferable+p4_supports]:top2_mean,above_cv_floor,0.802,0.8034,0.7313,0.8579,0.2854,0.1554,0.4004,0.022,1.0,0.0336,1.0
laya_en_en:panel[p3_inferable+p4_supports+p7_coverage]:max,above_cv_floor,0.8092,0.8032,0.7252,0.8579,0.2665,0.1397,0.3834,0.0218,1.0,0.0334,1.0
laya_en_en_m2m100:panel[p3_inferable+p4_supports+p8_similarity]:max,above_cv_floor,0.8087,0.8032,0.7423,0.852,0.264,0.1717,0.355,0.0218,1.0,0.0334,1.0
laya_en_en:panel[nli_order_mean+p3_inferable+position_order_mean+p7_coverage+p8_similarity]:max,above_cv_floor,0.8086,0.8031,0.7285,0.8543,0.2872,0.1782,0.3793,0.0217,1.0,0.0333,1.0
laya_en_en:panel[nli_order_mean+p4_supports+position_order_mean+p7_coverage+p8_similarity]:max,above_cv_floor,0.8083,0.8028,0.7283,0.8537,0.2989,0.2085,0.3785,0.0214,1.0,0.033,1.0
laya_en_en_m2m100:panel[nli_order_mean+p3_inferable+p4_supports+p7_coverage+p8_similarity]:max,above_cv_floor,0.8062,0.8028,0.7433,0.8512,0.2732,0.1646,0.3827,0.0214,1.0,0.033,1.0
laya_en_en:panel[p4_supports+p8_similarity]:max,above_cv_floor,0.8091,0.8027,0.7311,0.8556,0.2724,0.1553,0.3782,0.0213,1.0,0.0329,1.0
laya_en_en:panel[nli_order_mean+p4_supports+position_order_mean]:noisy_or,above_cv_floor,0.8117,0.8026,0.7331,0.8535,0.2921,0.1821,0.3936,0.0212,1.0,0.0328,1.0
laya_en_en:panel[p3_inferable+p4_supports+position_order_mean]:max,above_cv_floor,0.8164,0.8022,0.7229,0.8563,0.2919,0.1955,0.3869,0.0208,1.0,0.0324,1.0
laya_en_en:panel[p3_inferable+p4_supports+position_order_mean+p8_similarity]:max,above_cv_floor,0.8126,0.8021,0.7293,0.8546,0.2846,0.1608,0.393,0.0207,1.0,0.0323,1.0
laya_en_en_m2m100:panel[nli_order_mean+p4_supports+position_order_mean+p8_similarity]:max,above_cv_floor,0.8111,0.8021,0.7435,0.8495,0.2582,0.1502,0.3677,0.0207,1.0,0.0323,1.0
laya_en_en_m2m100:panel[nli_order_mean+p3_inferable+p7_coverage]:max,above_cv_floor,0.8061,0.8021,0.743,0.8508,0.2832,0.1707,0.3969,0.0207,1.0,0.0323,1.0
laya_en_en_m2m100:panel[nli_order_mean+p3_inferable+p4_supports+position_order_mean+p7_coverage]:max,above_cv_floor,0.8085,0.802,0.7419,0.8511,0.2714,0.1835,0.3639,0.0206,1.0,0.0322,1.0
laya_en_en:panel[nli_order_mean+p3_inferable+position_order_mean]:noisy_or,above_cv_floor,0.8114,0.8018,0.7295,0.8532,0.2753,0.1722,0.3741,0.0204,1.0,0.032,1.0
laya_en_en_m2m100:panel[nli_order_mean+position_order_mean]:max,above_cv_floor,0.8122,0.8017,0.7444,0.8496,0.2619,0.1526,0.3835,0.0203,1.0,0.0319,1.0
laya_en_en:panel[nli_order_mean+position_order_mean+p7_coverage]:max,above_cv_floor,0.8061,0.8017,0.729,0.8513,0.3054,0.2105,0.3851,0.0203,1.0,0.0319,1.0
laya_en_en_m2m100:panel[nli_order_mean+p3_inferable+position_order_mean+p8_similarity]:max,above_cv_floor,0.8106,0.8015,0.7425,0.8489,0.2558,0.1487,0.3668,0.0201,1.0,0.0317,1.0
laya_en_en:panel[nli_order_mean+p4_supports+p8_similarity]:noisy_or,above_cv_floor,0.808,0.8013,0.7318,0.8531,0.2848,0.161,0.3941,0.0199,1.0,0.0315,1.0
laya_en_en:panel[nli_order_mean+p3_inferable+p4_supports+p7_coverage]:noisy_or,above_cv_floor,0.808,0.8013,0.7283,0.8547,0.2794,0.1809,0.3718,0.0199,1.0,0.0315,1.0
laya_en_en:panel[nli_order_mean+p3_inferable+p8_similarity]:noisy_or,above_cv_floor,0.8079,0.8012,0.7299,0.8531,0.2653,0.1426,0.3767,0.0198,1.0,0.0314,1.0
laya_en_en_m2m100:panel[p3_inferable+p4_supports+position_order_mean]:max,above_cv_floor,0.8108,0.8008,0.7409,0.8501,0.263,0.1592,0.3708,0.0194,1.0,0.031,1.0
laya_en_en_m2m100:panel[nli_order_mean+p3_inferable]:noisy_or,above_cv_floor,0.8054,0.8008,0.7416,0.8509,0.2923,0.1684,0.4148,0.0194,1.0,0.031,1.0
laya_en_en:panel[nli_order_mean+p7_coverage+p8_similarity]:max,above_cv_floor,0.8033,0.8008,0.7277,0.8543,0.292,0.1889,0.387,0.0194,1.0,0.031,1.0
laya_en_en_m2m100:panel[nli_order_mean+p3_inferable+p4_supports+position_order_mean+p7_coverage+p8_similarity]:max,above_cv_floor,0.8068,0.8007,0.7408,0.8476,0.2543,0.1486,0.3648,0.0193,1.0,0.0309,1.0
laya_en_en_m2m100:panel[nli_order_mean+p4_supports+p7_coverage+p8_similarity]:max,above_cv_floor,0.8043,0.8007,0.741,0.8481,0.2543,0.1667,0.3509,0.0193,1.0,0.0309,1.0
laya_en_en_m2m100:panel[nli_order_mean+p4_supports+position_order_mean+p7_coverage]:max,above_cv_floor,0.8071,0.8006,0.7404,0.8492,0.2589,0.1518,0.3681,0.0192,1.0,0.0308,1.0
laya_en_en_m2m100:panel[nli_order_mean+p3_inferable+p4_supports]:noisy_or,above_cv_floor,0.8054,0.8004,0.7392,0.8516,0.3107,0.1742,0.4351,0.019,1.0,0.0306,1.0
laya_en_en:panel[p3_inferable+p4_supports+position_order_mean+p7_coverage]:max,above_cv_floor,0.8094,0.8003,0.7215,0.8536,0.2817,0.1898,0.3717,0.0189,1.0,0.0305,1.0
laya_en_en:panel[nli_order_mean+position_order_mean+p7_coverage+p8_similarity]:max,above_cv_floor,0.8048,0.8,0.7289,0.8505,0.3031,0.2084,0.3851,0.0186,1.0,0.0302,1.0
laya_en_en:panel[p3_inferable+position_order_mean]:max,above_cv_floor,0.8143,0.7999,0.7258,0.8523,0.2985,0.1926,0.3989,0.0185,1.0,0.0301,1.0
laya_en_en:panel[p3_inferable+p4_supports+p7_coverage+p8_similarity]:max,above_cv_floor,0.8074,0.7999,0.7242,0.8546,0.2724,0.1576,0.3774,0.0185,1.0,0.0301,1.0
laya_en_en_m2m100:panel[nli_order_mean+p3_inferable+position_order_mean+p7_coverage]:max,above_cv_floor,0.8066,0.7998,0.7398,0.8476,0.2643,0.1574,0.3749,0.0184,1.0,0.03,1.0
laya_en_en_m2m100:panel[p4_supports+p8_similarity]:max,above_cv_floor,0.8061,0.7998,0.7388,0.8477,0.2732,0.1828,0.3662,0.0184,1.0,0.03,1.0
laya_en_en_m2m100:panel[nli_order_mean+p7_coverage]:max,above_cv_floor,0.8007,0.7995,0.7403,0.848,0.2676,0.158,0.3867,0.0181,1.0,0.0297,1.0
laya_en_en:panel[nli_order_mean+p3_inferable+p4_supports+position_order_mean+p8_similarity]:noisy_or,above_cv_floor,0.8081,0.7993,0.7291,0.8498,0.2786,0.173,0.3757,0.0179,1.0,0.0295,1.0
laya_en_en:panel[p3_inferable+p4_supports+position_order_mean+p7_coverage+p8_similarity]:max,above_cv_floor,0.808,0.7992,0.7247,0.8522,0.2874,0.1925,0.3778,0.0178,1.0,0.0294,1.0
laya_en_en_m2m100:panel[nli_order_mean+p3_inferable+p7_coverage+p8_similarity]:max,above_cv_floor,0.8043,0.7992,0.7399,0.8464,0.266,0.1571,0.3751,0.0178,1.0,0.0294,1.0
laya_en_en:panel[p4_supports+position_order_mean]:max,above_cv_floor,0.8137,0.7991,0.7243,0.8526,0.2985,0.1905,0.399,0.0177,1.0,0.0293,1.0
laya_en_en_m2m100:panel[nli_order_mean+p4_supports+position_order_mean+p7_coverage+p8_similarity]:max,above_cv_floor,0.8054,0.7991,0.7402,0.8458,0.2619,0.158,0.3688,0.0177,1.0,0.0293,1.0
laya_en_en_m2m100:panel[p3_inferable+p4_supports+p7_coverage]:max,above_cv_floor,0.8031,0.799,0.7379,0.8477,0.2781,0.1847,0.3715,0.0176,1.0,0.0292,1.0
laya_en_en_m2m100:panel[p3_inferable+p4_supports+position_order_mean+p8_similarity]:max,above_cv_floor,0.8087,0.7988,0.7392,0.8468,0.2505,0.1401,0.3616,0.0174,1.0,0.029,1.0
laya_en_en:panel[nli_order_mean+p3_inferable+p4_supports+p8_similarity]:top2_mean,above_cv_floor,0.8018,0.7987,0.7255,0.8542,0.2921,0.1694,0.4012,0.0173,1.0,0.0289,1.0
laya_en_en_m2m100:panel[p4_supports+position_order_mean]:max,above_cv_floor,0.8094,0.7986,0.738,0.8471,0.2658,0.1515,0.384,0.0172,1.0,0.0288,1.0
laya_en_en_m2m100:panel[nli_order_mean+position_order_mean+p8_similarity]:max,above_cv_floor,0.8088,0.7983,0.7399,0.845,0.2601,0.1625,0.3633,0.0169,1.0,0.0285,1.0
laya_en_en:panel[p3_inferable+p4_supports+position_order_mean]:noisy_or,above_cv_floor,0.8101,0.7982,0.7256,0.8508,0.2822,0.1886,0.3763,0.0168,1.0,0.0284,1.0
laya_en_en:panel[p3_inferable+position_order_mean+p8_similarity]:max,above_cv_floor,0.8097,0.7982,0.7285,0.8488,0.285,0.1853,0.3796,0.0168,1.0,0.0284,1.0
laya_en_en_m2m100:panel[nli_order_mean+p3_inferable+position_order_mean+p7_coverage+p8_similarity]:max,above_cv_floor,0.8051,0.798,0.7401,0.845,0.2577,0.1523,0.3664,0.0166,1.0,0.0282,1.0
laya_en_en:panel[nli_order_mean+p3_inferable+p8_similarity]:top2_mean,above_cv_floor,0.8013,0.7977,0.7253,0.851,0.2777,0.1603,0.3823,0.0163,1.0,0.0279,1.0
laya_en_en:panel[p4_supports+position_order_mean+p8_similarity]:max,above_cv_floor,0.809,0.7976,0.7273,0.8491,0.2852,0.1892,0.3733,0.0162,1.0,0.0278,1.0
laya_en_en:panel[nli_order_mean+p4_supports+p8_similarity]:top2_mean,above_cv_floor,0.8009,0.7976,0.7269,0.852,0.2885,0.1666,0.3962,0.0162,1.0,0.0278,1.0
laya_en_en_m2m100:p4_supports:noisy_or,above_cv_floor,0.8036,0.7975,0.7337,0.8499,0.2842,0.1505,0.413,0.0161,1.0,0.0277,1.0
laya_en_en:panel[nli_order_mean+p4_supports+p7_coverage]:noisy_or,above_cv_floor,0.8047,0.7974,0.7268,0.8499,0.2732,0.148,0.3866,0.016,1.0,0.0276,1.0
laya_en_en_m2m100:panel[p3_inferable+p8_similarity]:max,above_cv_floor,0.8062,0.7973,0.737,0.8454,0.263,0.1692,0.364,0.0159,1.0,0.0275,1.0
laya_en_en_m2m100:panel[p3_inferable+p4_supports+position_order_mean+p7_coverage]:max,above_cv_floor,0.8041,0.7972,0.7356,0.8453,0.2646,0.1678,0.3704,0.0158,1.0,0.0274,1.0
laya_en_en_m2m100:panel[p3_inferable+p4_supports+p7_coverage+p8_similarity]:max,above_cv_floor,0.8018,0.7971,0.7379,0.8455,0.2673,0.1803,0.3533,0.0157,1.0,0.0273,1.0
laya_en_en_m2m100:panel[p3_inferable+position_order_mean]:max,above_cv_floor,0.8086,0.7969,0.7377,0.8459,0.2584,0.1534,0.3682,0.0155,1.0,0.0271,1.0
laya_en_en:panel[nli_order_mean+p3_inferable+p7_coverage]:noisy_or,above_cv_floor,0.8049,0.7969,0.7244,0.8499,0.2753,0.1581,0.3832,0.0155,1.0,0.0271,1.0
laya_en_en:panel[nli_order_mean+position_order_mean]:noisy_or,above_cv_floor,0.8069,0.7967,0.729,0.8447,0.292,0.185,0.39,0.0153,1.0,0.0269,1.0
laya_en_en:panel[p3_inferable+p7_coverage]:max,above_cv_floor,0.8042,0.7967,0.7183,0.8523,0.2623,0.1457,0.3682,0.0153,1.0,0.0269,1.0
laya_en_en_m2m100:panel[nli_order_mean+position_order_mean+p7_coverage]:max,above_cv_floor,0.8036,0.7966,0.7377,0.8444,0.2646,0.1687,0.3676,0.0152,1.0,0.0268,1.0
laya_en_en:panel[p3_inferable+position_order_mean+p7_coverage]:max,above_cv_floor,0.8058,0.7963,0.7188,0.8484,0.285,0.1865,0.3765,0.0149,1.0,0.0265,1.0
laya_en_en:panel[nli_order_mean+p3_inferable+p4_supports+position_order_mean+p7_coverage]:noisy_or,above_cv_floor,0.8062,0.7962,0.7254,0.8472,0.2724,0.1611,0.3736,0.0148,1.0,0.0264,1.0
laya_en_en:panel[p4_supports+p7_coverage]:max,above_cv_floor,0.8034,0.7962,0.7188,0.8514,0.2814,0.1747,0.3736,0.0148,1.0,0.0264,1.0
laya_en_en:panel[p3_inferable+p4_supports+p8_similarity]:noisy_or,above_cv_floor,0.8065,0.7958,0.7234,0.8501,0.2791,0.1736,0.3762,0.0144,1.0,0.026,1.0
laya_en_en:panel[p4_supports+position_order_mean+p7_coverage]:max,above_cv_floor,0.8051,0.7958,0.7188,0.8482,0.2992,0.1977,0.3897,0.0144,1.0,0.026,1.0
laya_en_en_m2m100:panel[p3_inferable+p4_supports+position_order_mean+p7_coverage+p8_similarity]:max,above_cv_floor,0.8032,0.7958,0.7361,0.8432,0.2669,0.1683,0.3732,0.0144,1.0,0.026,1.0
laya_en_en_m2m100:panel[p3_inferable+p4_supports]:noisy_or,above_cv_floor,0.8031,0.7955,0.7315,0.8484,0.3027,0.156,0.4336,0.0141,1.0,0.0257,1.0
laya_en_en:panel[nli_order_mean+p8_similarity]:noisy_or,above_cv_floor,0.802,0.7952,0.7276,0.8468,0.2798,0.1722,0.3744,0.0138,1.0,0.0254,1.0
laya_en_en_m2m100:panel[p4_supports+position_order_mean+p8_similarity]:max,above_cv_floor,0.8068,0.7951,0.7361,0.8425,0.2529,0.1396,0.3646,0.0137,1.0,0.0253,1.0
laya_en_en:panel[nli_order_mean+p4_supports+position_order_mean+p8_similarity]:noisy_or,above_cv_floor,0.8054,0.7951,0.7271,0.8457,0.3125,0.2039,0.4054,0.0137,1.0,0.0253,1.0
laya_en_en:panel[p3_inferable+p7_coverage+p8_similarity]:max,above_cv_floor,0.8025,0.7948,0.7188,0.8493,0.2742,0.1542,0.3839,0.0134,1.0,0.025,1.0
laya_en_en:panel[p4_supports+p7_coverage+p8_similarity]:max,above_cv_floor,0.8022,0.7948,0.7186,0.8495,0.2807,0.1558,0.3915,0.0134,1.0,0.025,1.0
laya_en_en_m2m100:panel[nli_order_mean+position_order_mean+p7_coverage+p8_similarity]:max,above_cv_floor,0.802,0.7947,0.7367,0.8417,0.2829,0.1673,0.4105,0.0133,1.0,0.0249,1.0
laya_en_en:panel[p3_inferable+position_order_mean+p7_coverage+p8_similarity]:max,above_cv_floor,0.8043,0.7945,0.7193,0.8459,0.2955,0.1938,0.3878,0.0131,1.0,0.0247,1.0
laya_en_en:panel[nli_order_mean+p3_inferable+position_order_mean+p8_similarity]:noisy_or,above_cv_floor,0.8053,0.7943,0.7255,0.845,0.3076,0.2012,0.402,0.0129,1.0,0.0245,1.0
laya_en_en:panel[nli_order_mean+p3_inferable+p4_supports+p7_coverage]:top2_mean,above_cv_floor,0.8001,0.7943,0.7207,0.8502,0.2739,0.1557,0.3808,0.0129,1.0,0.0245,1.0
laya_en_en_m2m100:panel[p3_inferable+position_order_mean+p8_similarity]:max,above_cv_floor,0.806,0.794,0.735,0.8423,0.2462,0.1347,0.3566,0.0126,1.0,0.0242,1.0
laya_en_en:panel[p4_supports+position_order_mean+p7_coverage+p8_similarity]:max,above_cv_floor,0.8038,0.7939,0.7203,0.8457,0.3027,0.2131,0.3877,0.0125,1.0,0.0241,1.0
laya_en_en:panel[nli_order_mean+p3_inferable+p4_supports+p7_coverage+p8_similarity]:noisy_or,above_cv_floor,0.8045,0.7937,0.723,0.8461,0.306,0.2012,0.4044,0.0123,1.0,0.0239,1.0
laya_en_en_m2m100:panel[p4_supports+position_order_mean+p7_coverage]:max,above_cv_floor,0.8007,0.7936,0.733,0.8414,0.2558,0.1429,0.3729,0.0122,1.0,0.0238,1.0
laya_en_en_m2m100:p3_inferable:noisy_or,above_cv_floor,0.8023,0.7929,0.7287,0.8455,0.2941,0.1591,0.4086,0.0115,1.0,0.0231,1.0
laya_en_en_m2m100:panel[p3_inferable+position_order_mean+p7_coverage]:max,above_cv_floor,0.8003,0.7928,0.7326,0.8415,0.2548,0.1536,0.3644,0.0114,1.0,0.023,1.0
laya_en_en_m2m100:panel[p4_supports+position_order_mean+p7_coverage+p8_similarity]:max,above_cv_floor,0.8004,0.7918,0.7323,0.8389,0.2675,0.153,0.381,0.0104,1.0,0.022,1.0
laya_en_en:panel[nli_order_mean+p4_supports+position_order_mean+p7_coverage]:noisy_or,above_cv_floor,0.8034,0.7915,0.7222,0.8429,0.3066,0.1986,0.4033,0.0101,1.0,0.0217,1.0
laya_en_en:panel[nli_order_mean+p4_supports+position_order_mean]:top2_mean,above_cv_floor,0.8005,0.7915,0.7209,0.8447,0.2852,0.1902,0.3692,0.0101,1.0,0.0217,1.0
laya_en_en:panel[p3_inferable+p4_supports+p7_coverage]:noisy_or,above_cv_floor,0.8033,0.7913,0.7169,0.8464,0.2772,0.1552,0.3833,0.0099,1.0,0.0215,1.0
laya_en_en:panel[nli_order_mean+p3_inferable+p4_supports+position_order_mean]:top2_mean,above_cv_floor,0.8021,0.7913,0.7187,0.8463,0.2677,0.1619,0.3623,0.0099,1.0,0.0215,1.0
laya_en_en:panel[p4_supports+position_order_mean]:noisy_or,above_cv_floor,0.8064,0.7908,0.7195,0.8423,0.2942,0.1928,0.3843,0.0094,1.0,0.021,1.0
laya_en_en:panel[nli_order_mean+p3_inferable+position_order_mean+p7_coverage]:noisy_or,above_cv_floor,0.8031,0.7907,0.7217,0.8422,0.2872,0.174,0.3871,0.0093,1.0,0.0209,1.0
laya_en_en_m2m100:nli_order_mean:top2_mean,above_cv_floor,0.8002,0.7904,0.7301,0.8416,0.2786,0.1738,0.3878,0.009,1.0,0.0206,1.0
laya_en_en:panel[nli_order_mean+p3_inferable+p4_supports+position_order_mean+p7_coverage+p8_similarity]:noisy_or,above_cv_floor,0.8034,0.7902,0.7202,0.8419,0.2992,0.1936,0.3909,0.0088,1.0,0.0204,1.0
laya_en_en:panel[nli_order_mean+p3_inferable+position_order_mean]:top2_mean,above_cv_floor,0.8009,0.7901,0.7191,0.8439,0.2817,0.172,0.3767,0.0087,1.0,0.0203,1.0
laya_en_en_m2m100:panel[nli_order_mean+p3_inferable+p4_supports+p8_similarity]:noisy_or,above_cv_floor,0.8031,0.79,0.7302,0.8411,0.3088,0.1925,0.4267,0.0086,1.0,0.0202,1.0
laya_en_en:panel[p3_inferable+position_order_mean]:noisy_or,above_cv_floor,0.8061,0.7897,0.7194,0.8413,0.2739,0.167,0.378,0.0083,1.0,0.0199,1.0
laya_en_en:p6_position_reversed:max,above_cv_floor,0.8027,0.7894,0.7296,0.8347,0.2804,0.1831,0.3765,0.008,1.0,0.0196,1.0
laya_en_en:panel[p3_inferable+p4_supports+position_order_mean+p8_similarity]:noisy_or,above_cv_floor,0.8041,0.7892,0.7192,0.8418,0.2992,0.1957,0.3944,0.0078,1.0,0.0194,1.0
laya_en_en:panel[nli_order_mean+p3_inferable+p4_supports+position_order_mean+p8_similarity]:top2_mean,above_cv_floor,0.8002,0.7892,0.7172,0.8439,0.2736,0.1674,0.37,0.0078,1.0,0.0194,1.0
laya_en_en:panel[nli_order_mean+p4_supports+p7_coverage+p8_similarity]:noisy_or,above_cv_floor,0.8011,0.789,0.7199,0.8412,0.2919,0.1916,0.3891,0.0076,1.0,0.0192,1.0
laya_en_en:panel[p4_supports+p8_similarity]:noisy_or,above_cv_floor,0.8016,0.7887,0.7213,0.8419,0.2745,0.1624,0.3763,0.0073,1.0,0.0189,1.0
laya_en_en:panel[nli_order_mean+p3_inferable+p7_coverage+p8_similarity]:noisy_or,above_cv_floor,0.8009,0.7884,0.7184,0.8413,0.2835,0.155,0.3849,0.007,1.0,0.0186,1.0
laya_en_en:panel[position_order_mean+p8_similarity]:max,above_cv_floor,0.8,0.7876,0.7232,0.8362,0.2866,0.1896,0.382,0.0062,1.0,0.0178,1.0
laya_en_en_m2m100:panel[nli_order_mean+p4_supports+p8_similarity]:noisy_or,above_cv_floor,0.8016,0.7875,0.7288,0.8375,0.2601,0.1555,0.3666,0.0061,1.0,0.0177,1.0
laya_en_en:panel[p3_inferable+p8_similarity]:noisy_or,above_cv_floor,0.8011,0.7861,0.7154,0.8403,0.2753,0.1676,0.3728,0.0047,1.0,0.0163,1.0
laya_en_en_m2m100:panel[nli_order_mean+p3_inferable+p4_supports+position_order_mean]:noisy_or,above_cv_floor,0.8051,0.786,0.7255,0.8367,0.2767,0.1685,0.3824,0.0046,1.0,0.0162,1.0
laya_en_en:panel[p3_inferable+p4_supports+position_order_mean+p7_coverage]:noisy_or,above_cv_floor,0.802,0.786,0.7149,0.8387,0.2814,0.1812,0.3712,0.0046,1.0,0.0162,1.0
laya_en_en:panel[nli_order_mean+p4_supports+position_order_mean+p7_coverage+p8_similarity]:noisy_or,above_cv_floor,0.8001,0.7857,0.717,0.8369,0.2862,0.1832,0.3752,0.0043,1.0,0.0159,1.0
laya_en_en:panel[nli_order_mean+p3_inferable+position_order_mean+p7_coverage+p8_similarity]:noisy_or,above_cv_floor,0.8,0.7855,0.7167,0.8372,0.2932,0.1886,0.3889,0.0041,1.0,0.0157,1.0
laya_en_en:position_order_mean:max,above_cv_floor,0.8039,0.7849,0.7207,0.8339,0.2827,0.1833,0.378,0.0035,1.0,0.0151,1.0
laya_en_en_m2m100:panel[nli_order_mean+p3_inferable+p8_similarity]:noisy_or,above_cv_floor,0.8011,0.7847,0.7262,0.8359,0.2829,0.1738,0.394,0.0033,1.0,0.0149,1.0
laya_en_en_m2m100:p6_position_reversed:max,above_cv_floor,0.8012,0.7837,0.7307,0.8297,0.3011,0.188,0.4215,0.0023,1.0,0.0139,1.0
laya_en_en_m2m100:panel[nli_order_mean+p4_supports+position_order_mean]:noisy_or,above_cv_floor,0.8041,0.7824,0.7231,0.8326,0.2815,0.1651,0.4001,0.001,1.0,0.0126,1.0
laya_en_en:p5_position:max,above_cv_floor,0.8031,0.7819,0.7152,0.8334,0.2707,0.1759,0.3636,0.0005,1.0,0.0121,1.0
laya_multi_pt:panel:max,reference,,0.7814,0.7102,0.8355,0.275,0.1535,0.3858,,,,
laya_en_en_m2m100:panel[nli_order_mean+p3_inferable+position_order_mean]:noisy_or,above_cv_floor,0.8032,0.7808,0.7198,0.8316,0.2692,0.1505,0.3955,-0.0006,1.0,0.011,1.0
laya_en_en_m2m100:position_order_mean:max,above_cv_floor,0.8,0.7807,0.722,0.8289,0.2552,0.1516,0.3759,-0.0007,1.0,0.0109,1.0
laya_en_en_m2m100:panel[p3_inferable+p4_supports+position_order_mean]:noisy_or,above_cv_floor,0.8011,0.777,0.7151,0.829,0.2601,0.1495,0.3663,-0.0044,1.0,0.0072,1.0
laya_en_en_m2m100:panel[nli_order_mean+p3_inferable+p4_supports+position_order_mean+p8_similarity]:noisy_or,above_cv_floor,0.8005,0.777,0.716,0.8287,0.2534,0.1466,0.3635,-0.0044,1.0,0.0072,1.0
xnli_mdeberta:entailment:max,reference,0.7621,0.7698,0.6926,0.8318,0.236,0.1304,0.3421,,,,
