split,system,scorer,score,kind,language,role,roc_auc,roc_auc_low,roc_auc_high,average_precision_not_inferable,threshold_max_f1_not_inferable,cohen_kappa,cohen_kappa_low,cohen_kappa_high,f1_not_inferable,comparison,family,reference,metric,delta,delta_low,delta_high,p_value,p_holm,missing
validation,laya_multi_pt.max.p1_nli,laya_multi_pt,max.p1_nli,laya,pt,secondary,0.7857,0.7165,0.8416,0.3885,0.1227,0.3003,0.1942,0.4095,0.4,,,,,,,,,,
validation,laya_multi_pt.max.p2_nli_reversed,laya_multi_pt,max.p2_nli_reversed,laya,pt,secondary,0.7863,0.717,0.8416,0.3885,0.1147,0.292,0.1802,0.4101,0.3927,,,,,,,,,,
validation,laya_multi_pt.max.p3_inferable,laya_multi_pt,max.p3_inferable,laya,pt,secondary,0.7903,0.7237,0.8489,0.402,0.1024,0.2884,0.1824,0.3943,0.3865,,,,,,,,,,
validation,laya_multi_pt.max.p4_supports,laya_multi_pt,max.p4_supports,laya,pt,secondary,0.7925,0.7259,0.8484,0.4049,0.0954,0.3201,0.2019,0.4362,0.4151,,,,,,,,,,
validation,laya_multi_pt.max.p5_position,laya_multi_pt,max.p5_position,laya,pt,secondary,0.75,0.6915,0.8041,0.2754,0.2319,0.2623,0.1515,0.3818,0.367,,,,,,,,,,
validation,laya_multi_pt.max.p6_position_reversed,laya_multi_pt,max.p6_position_reversed,laya,pt,secondary,0.7296,0.6618,0.7911,0.2634,0.3019,0.2076,0.1055,0.3198,0.3308,,,,,,,,,,
validation,laya_multi_pt.max.p7_coverage,laya_multi_pt,max.p7_coverage,laya,pt,secondary,0.6404,0.5679,0.6999,0.2377,0.4935,0.1561,0.0426,0.2679,0.27,,,,,,,,,,
validation,laya_multi_pt.max.p8_similarity,laya_multi_pt,max.p8_similarity,laya,pt,secondary,0.6559,0.5757,0.734,0.2346,0.7065,0.1382,0.0569,0.2333,0.2744,,,,,,,,,,
validation,laya_multi_pt.max.nli_order_mean,laya_multi_pt,max.nli_order_mean,laya,pt,secondary,0.7865,0.719,0.8418,0.3924,0.116,0.2897,0.1776,0.4087,0.3909,,,,,,,,,,
validation,laya_multi_pt.max.position_order_mean,laya_multi_pt,max.position_order_mean,laya,pt,secondary,0.7423,0.6798,0.8007,0.273,0.3177,0.2056,0.1218,0.3082,0.3322,,,,,,,,,,
validation,laya_multi_pt.max.panel,laya_multi_pt,max.panel,laya,pt,primary,0.7814,0.7148,0.8376,0.3452,0.2504,0.275,0.1597,0.4016,0.381,,,,,,,,,,
validation,laya_multi_pt.min.not_contradiction,laya_multi_pt,min.not_contradiction,laya,pt,secondary,0.4505,0.3965,0.5146,0.0973,1.0,0.0,0.0,0.0,0.1964,,,,,,,,,,
validation,laya_multi_pt.min.not_opposite,laya_multi_pt,min.not_opposite,laya,pt,secondary,0.5107,0.4389,0.5788,0.1152,0.8706,-0.0023,-0.0152,0.0049,0.1942,,,,,,,,,,
validation,laya_multi_pt.concatenated.p1_nli,laya_multi_pt,concatenated.p1_nli,laya,pt,secondary,0.7662,0.6989,0.8214,0.3225,0.2489,0.2564,0.1604,0.3516,0.366,,,,,,,,,,
validation,laya_multi_pt.concatenated.p2_nli_reversed,laya_multi_pt,concatenated.p2_nli_reversed,laya,pt,secondary,0.7612,0.6931,0.8165,0.3127,0.2398,0.2442,0.1494,0.3444,0.3568,,,,,,,,,,
validation,laya_multi_pt.concatenated.p3_inferable,laya_multi_pt,concatenated.p3_inferable,laya,pt,secondary,0.7852,0.7319,0.8362,0.3536,0.1674,0.3146,0.2072,0.4125,0.4022,,,,,,,,,,
validation,laya_multi_pt.concatenated.p4_supports,laya_multi_pt,concatenated.p4_supports,laya,pt,secondary,0.7831,0.7294,0.8328,0.3475,0.218,0.3241,0.2198,0.4179,0.4108,,,,,,,,,,
validation,laya_multi_pt.concatenated.p5_position,laya_multi_pt,concatenated.p5_position,laya,pt,secondary,0.7154,0.6395,0.7775,0.253,0.2089,0.2179,0.1254,0.3094,0.3385,,,,,,,,,,
validation,laya_multi_pt.concatenated.p6_position_reversed,laya_multi_pt,concatenated.p6_position_reversed,laya,pt,secondary,0.7133,0.6416,0.774,0.2619,0.171,0.2145,0.1144,0.3196,0.3305,,,,,,,,,,
validation,laya_multi_pt.concatenated.p7_coverage,laya_multi_pt,concatenated.p7_coverage,laya,pt,secondary,0.6143,0.5193,0.6944,0.2441,0.4781,0.1988,0.0883,0.3244,0.3092,,,,,,,,,,
validation,laya_multi_pt.concatenated.p8_similarity,laya_multi_pt,concatenated.p8_similarity,laya,pt,secondary,0.5938,0.5174,0.6651,0.2051,0.7454,0.0318,-0.0035,0.0755,0.2085,,,,,,,,,,
validation,laya_multi_pt.concatenated.nli_order_mean,laya_multi_pt,concatenated.nli_order_mean,laya,pt,secondary,0.7652,0.6965,0.8207,0.3239,0.2397,0.2664,0.1677,0.3638,0.3745,,,,,,,,,,
validation,laya_multi_pt.concatenated.position_order_mean,laya_multi_pt,concatenated.position_order_mean,laya,pt,secondary,0.7206,0.6471,0.7819,0.2673,0.2525,0.1675,0.0853,0.253,0.3042,,,,,,,,,,
validation,laya_multi_pt.concatenated.panel,laya_multi_pt,concatenated.panel,laya,pt,secondary,0.7675,0.7047,0.8227,0.3563,0.3065,0.296,0.1937,0.3974,0.3922,,,,,,,,,,
validation,laya_multi_pt.concatenated.not_contradiction,laya_multi_pt,concatenated.not_contradiction,laya,pt,secondary,0.445,0.3776,0.5176,0.1133,1.0,-0.0029,-0.0094,0.0,0.194,,,,,,,,,,
validation,laya_multi_pt.concatenated.not_opposite,laya_multi_pt,concatenated.not_opposite,laya,pt,secondary,0.5506,0.472,0.6199,0.1316,0.7409,0.0577,-0.0001,0.1227,0.2191,,,,,,,,,,
validation,laya_multi_en.max.p1_nli,laya_multi_en,max.p1_nli,laya,en,secondary,0.7626,0.6999,0.8191,0.3501,0.0214,0.2815,0.1688,0.395,0.3743,,,,,,,,,,
validation,laya_multi_en.max.p2_nli_reversed,laya_multi_en,max.p2_nli_reversed,laya,en,secondary,0.7618,0.699,0.8199,0.3439,0.022,0.2856,0.1809,0.3951,0.3789,,,,,,,,,,
validation,laya_multi_en.max.p3_inferable,laya_multi_en,max.p3_inferable,laya,en,secondary,0.7731,0.7089,0.8311,0.396,0.0378,0.2699,0.1715,0.3861,0.3782,,,,,,,,,,
validation,laya_multi_en.max.p4_supports,laya_multi_en,max.p4_supports,laya,en,secondary,0.7747,0.7087,0.8334,0.3744,0.0251,0.2896,0.1758,0.4201,0.3861,,,,,,,,,,
validation,laya_multi_en.max.p5_position,laya_multi_en,max.p5_position,laya,en,secondary,0.7188,0.649,0.7853,0.2411,0.2215,0.2204,0.1164,0.3282,0.3348,,,,,,,,,,
validation,laya_multi_en.max.p6_position_reversed,laya_multi_en,max.p6_position_reversed,laya,en,secondary,0.7159,0.6468,0.7814,0.2468,0.2878,0.1772,0.0916,0.2869,0.3113,,,,,,,,,,
validation,laya_multi_en.max.p7_coverage,laya_multi_en,max.p7_coverage,laya,en,secondary,0.6924,0.6149,0.7708,0.2932,0.4721,0.178,0.0913,0.288,0.3028,,,,,,,,,,
validation,laya_multi_en.max.p8_similarity,laya_multi_en,max.p8_similarity,laya,en,secondary,0.6759,0.6001,0.7505,0.2735,0.7345,0.1251,0.0451,0.2259,0.2662,,,,,,,,,,
validation,laya_multi_en.max.nli_order_mean,laya_multi_en,max.nli_order_mean,laya,en,secondary,0.7633,0.701,0.8209,0.35,0.0257,0.2751,0.1708,0.3877,0.3711,,,,,,,,,,
validation,laya_multi_en.max.position_order_mean,laya_multi_en,max.position_order_mean,laya,en,secondary,0.7238,0.6537,0.7901,0.247,0.2165,0.2126,0.1066,0.3454,0.3291,,,,,,,,,,
validation,laya_multi_en.max.panel,laya_multi_en,max.panel,laya,en,compared,0.7634,0.7007,0.824,0.3287,0.1573,0.2476,0.1499,0.3663,0.3535,,,,,,,,,,
validation,laya_multi_en.min.not_contradiction,laya_multi_en,min.not_contradiction,laya,en,secondary,0.4245,0.3606,0.5049,0.0925,1.0,0.0,0.0,0.0,0.1964,,,,,,,,,,
validation,laya_multi_en.min.not_opposite,laya_multi_en,min.not_opposite,laya,en,secondary,0.4542,0.3865,0.5177,0.1014,0.7631,-0.0062,-0.0205,0.0054,0.1897,,,,,,,,,,
validation,laya_multi_en.concatenated.p1_nli,laya_multi_en,concatenated.p1_nli,laya,en,secondary,0.754,0.6809,0.8213,0.3332,0.0839,0.2685,0.154,0.4017,0.3727,,,,,,,,,,
validation,laya_multi_en.concatenated.p2_nli_reversed,laya_multi_en,concatenated.p2_nli_reversed,laya,en,secondary,0.7557,0.6877,0.8213,0.3462,0.0815,0.2736,0.1585,0.4064,0.3789,,,,,,,,,,
validation,laya_multi_en.concatenated.p3_inferable,laya_multi_en,concatenated.p3_inferable,laya,en,secondary,0.7613,0.6839,0.8334,0.3849,0.0324,0.3196,0.1735,0.4602,0.4045,,,,,,,,,,
validation,laya_multi_en.concatenated.p4_supports,laya_multi_en,concatenated.p4_supports,laya,en,secondary,0.759,0.6823,0.8306,0.3865,0.0697,0.3199,0.2007,0.4488,0.4103,,,,,,,,,,
validation,laya_multi_en.concatenated.p5_position,laya_multi_en,concatenated.p5_position,laya,en,secondary,0.673,0.5935,0.7448,0.2673,0.2656,0.1156,0.0487,0.1952,0.2659,,,,,,,,,,
validation,laya_multi_en.concatenated.p6_position_reversed,laya_multi_en,concatenated.p6_position_reversed,laya,en,secondary,0.6517,0.5735,0.7296,0.2273,0.2309,0.0818,0.0117,0.1674,0.2377,,,,,,,,,,
validation,laya_multi_en.concatenated.p7_coverage,laya_multi_en,concatenated.p7_coverage,laya,en,secondary,0.653,0.5786,0.7313,0.2227,0.4809,0.132,0.0497,0.2236,0.2677,,,,,,,,,,
validation,laya_multi_en.concatenated.p8_similarity,laya_multi_en,concatenated.p8_similarity,laya,en,secondary,0.5898,0.5228,0.6565,0.1847,0.7499,0.0429,-0.0015,0.0889,0.2151,,,,,,,,,,
validation,laya_multi_en.concatenated.nli_order_mean,laya_multi_en,concatenated.nli_order_mean,laya,en,secondary,0.7557,0.6849,0.822,0.3398,0.0848,0.2722,0.1604,0.4046,0.3767,,,,,,,,,,
validation,laya_multi_en.concatenated.position_order_mean,laya_multi_en,concatenated.position_order_mean,laya,en,secondary,0.6666,0.5837,0.7413,0.2612,0.26,0.0976,0.0288,0.1756,0.2514,,,,,,,,,,
validation,laya_multi_en.concatenated.panel,laya_multi_en,concatenated.panel,laya,en,secondary,0.7505,0.6803,0.8134,0.3092,0.3026,0.2198,0.1286,0.3309,0.3467,,,,,,,,,,
validation,laya_multi_en.concatenated.not_contradiction,laya_multi_en,concatenated.not_contradiction,laya,en,secondary,0.3858,0.3009,0.4754,0.1075,1.0,0.0,0.0,0.0,0.1964,,,,,,,,,,
validation,laya_multi_en.concatenated.not_opposite,laya_multi_en,concatenated.not_opposite,laya,en,secondary,0.5814,0.5144,0.6485,0.1556,0.6673,0.0301,-0.0385,0.1008,0.1844,,,,,,,,,,
validation,laya_en_en.max.p1_nli,laya_en_en,max.p1_nli,laya,en,secondary,0.8166,0.7494,0.8699,0.4179,0.1762,0.2807,0.1891,0.3791,0.3863,,,,,,,,,,
validation,laya_en_en.max.p2_nli_reversed,laya_en_en,max.p2_nli_reversed,laya,en,secondary,0.8172,0.7509,0.8705,0.427,0.1706,0.2817,0.1863,0.3744,0.386,,,,,,,,,,
validation,laya_en_en.max.p3_inferable,laya_en_en,max.p3_inferable,laya,en,secondary,0.8078,0.7356,0.8678,0.4083,0.1389,0.2937,0.1762,0.4172,0.385,,,,,,,,,,
validation,laya_en_en.max.p4_supports,laya_en_en,max.p4_supports,laya,en,secondary,0.806,0.7329,0.8666,0.3978,0.1469,0.3032,0.1951,0.4245,0.4,,,,,,,,,,
validation,laya_en_en.max.p5_position,laya_en_en,max.p5_position,laya,en,secondary,0.7819,0.7204,0.8372,0.3316,0.5919,0.2707,0.1801,0.37,0.3744,,,,,,,,,,
validation,laya_en_en.max.p6_position_reversed,laya_en_en,max.p6_position_reversed,laya,en,secondary,0.7894,0.7346,0.8401,0.3562,0.6486,0.2804,0.1896,0.387,0.3839,,,,,,,,,,
validation,laya_en_en.max.p7_coverage,laya_en_en,max.p7_coverage,laya,en,secondary,0.7666,0.7025,0.8228,0.3223,0.6077,0.2453,0.1452,0.3472,0.3519,,,,,,,,,,
validation,laya_en_en.max.p8_similarity,laya_en_en,max.p8_similarity,laya,en,secondary,0.7756,0.7155,0.8322,0.3339,0.7222,0.238,0.1587,0.3186,0.3552,,,,,,,,,,
validation,laya_en_en.max.nli_order_mean,laya_en_en,max.nli_order_mean,laya,en,secondary,0.817,0.7495,0.8708,0.4226,0.1664,0.2714,0.1762,0.3665,0.3772,,,,,,,,,,
validation,laya_en_en.max.position_order_mean,laya_en_en,max.position_order_mean,laya,en,secondary,0.7849,0.7259,0.8393,0.3512,0.6114,0.2827,0.1935,0.3872,0.3857,,,,,,,,,,
validation,laya_en_en.max.panel,laya_en_en,max.panel,laya,en,compared,0.8059,0.732,0.8641,0.4101,0.2277,0.2652,0.1376,0.4048,0.3515,,,,,,,,,,
validation,laya_en_en.min.not_contradiction,laya_en_en,min.not_contradiction,laya,en,secondary,0.4328,0.3711,0.51,0.0953,0.9848,0.0053,-0.0052,0.0143,0.1997,,,,,,,,,,
validation,laya_en_en.min.not_opposite,laya_en_en,min.not_opposite,laya,en,secondary,0.505,0.4423,0.5811,0.1051,0.7596,0.0162,-0.0315,0.0628,0.1976,,,,,,,,,,
validation,laya_en_en.concatenated.p1_nli,laya_en_en,concatenated.p1_nli,laya,en,secondary,0.7984,0.7178,0.8643,0.4566,0.1266,0.3183,0.1956,0.4551,0.4147,,,,,,,,,,
validation,laya_en_en.concatenated.p2_nli_reversed,laya_en_en,concatenated.p2_nli_reversed,laya,en,secondary,0.7989,0.7182,0.8647,0.4561,0.1246,0.3183,0.197,0.4552,0.4147,,,,,,,,,,
validation,laya_en_en.concatenated.p3_inferable,laya_en_en,concatenated.p3_inferable,laya,en,secondary,0.7841,0.7141,0.8442,0.4411,0.1203,0.2788,0.1482,0.4113,0.3723,,,,,,,,,,
validation,laya_en_en.concatenated.p4_supports,laya_en_en,concatenated.p4_supports,laya,en,secondary,0.7943,0.7159,0.8551,0.4476,0.0712,0.3052,0.156,0.4648,0.3851,,,,,,,,,,
validation,laya_en_en.concatenated.p5_position,laya_en_en,concatenated.p5_position,laya,en,secondary,0.7644,0.6943,0.8269,0.2912,0.4009,0.27,0.1454,0.4098,0.3714,,,,,,,,,,
validation,laya_en_en.concatenated.p6_position_reversed,laya_en_en,concatenated.p6_position_reversed,laya,en,secondary,0.7697,0.6991,0.8326,0.3201,0.3441,0.307,0.1736,0.4552,0.3979,,,,,,,,,,
validation,laya_en_en.concatenated.p7_coverage,laya_en_en,concatenated.p7_coverage,laya,en,secondary,0.749,0.6573,0.8272,0.284,0.5894,0.2345,0.1138,0.3687,0.3451,,,,,,,,,,
validation,laya_en_en.concatenated.p8_similarity,laya_en_en,concatenated.p8_similarity,laya,en,secondary,0.7486,0.6717,0.8101,0.3,0.6638,0.2427,0.1379,0.3563,0.3524,,,,,,,,,,
validation,laya_en_en.concatenated.nli_order_mean,laya_en_en,concatenated.nli_order_mean,laya,en,secondary,0.7988,0.7184,0.8639,0.4571,0.1243,0.31,0.183,0.4508,0.4074,,,,,,,,,,
validation,laya_en_en.concatenated.position_order_mean,laya_en_en,concatenated.position_order_mean,laya,en,secondary,0.7685,0.6984,0.8311,0.3029,0.3568,0.287,0.1563,0.4296,0.3814,,,,,,,,,,
validation,laya_en_en.concatenated.panel,laya_en_en,concatenated.panel,laya,en,secondary,0.7935,0.7192,0.8584,0.402,0.2767,0.3283,0.1874,0.4802,0.4167,,,,,,,,,,
validation,laya_en_en.concatenated.not_contradiction,laya_en_en,concatenated.not_contradiction,laya,en,secondary,0.4834,0.4303,0.5396,0.1012,0.977,0.0155,-0.0144,0.0478,0.2007,,,,,,,,,,
validation,laya_en_en.concatenated.not_opposite,laya_en_en,concatenated.not_opposite,laya,en,secondary,0.7251,0.6611,0.7859,0.1968,0.8441,0.2096,0.1222,0.3126,0.3368,,,,,,,,,,
validation,xnli_mdeberta_en.max.entailment,xnli_mdeberta_en,max.entailment,nli,en,compared,0.7539,0.6773,0.8198,0.3198,0.7729,0.2056,0.1031,0.3208,0.3322,,,,,,,,,,
validation,xnli_mdeberta_en.min.not_contradiction,xnli_mdeberta_en,min.not_contradiction,nli,en,secondary,0.4684,0.3896,0.5578,0.1057,0.9784,-0.0137,-0.0697,0.0347,0.1719,,,,,,,,,,
validation,xnli_mdeberta_en.concatenated.entailment,xnli_mdeberta_en,concatenated.entailment,nli,en,secondary,0.7214,0.6516,0.7807,0.2244,0.2404,0.195,0.1014,0.2895,0.3175,,,,,,,,,,
validation,xnli_mdeberta_en.concatenated.not_contradiction,xnli_mdeberta_en,concatenated.not_contradiction,nli,en,secondary,0.5343,0.4745,0.6007,0.1269,0.9782,0.0426,-0.0041,0.0958,0.2,,,,,,,,,,
validation,laya_multi_en_m2m100.max.p1_nli,laya_multi_en_m2m100,max.p1_nli,laya,en,secondary,0.7687,0.7096,0.8254,0.3138,0.0764,0.2185,0.1411,0.3142,0.3407,,,,,,,,,,
validation,laya_multi_en_m2m100.max.p2_nli_reversed,laya_multi_en_m2m100,max.p2_nli_reversed,laya,en,secondary,0.7675,0.7088,0.8243,0.3035,0.0864,0.2101,0.1341,0.3018,0.3345,,,,,,,,,,
validation,laya_multi_en_m2m100.max.p3_inferable,laya_multi_en_m2m100,max.p3_inferable,laya,en,secondary,0.783,0.7229,0.8393,0.3651,0.0554,0.2325,0.1512,0.3213,0.3502,,,,,,,,,,
validation,laya_multi_en_m2m100.max.p4_supports,laya_multi_en_m2m100,max.p4_supports,laya,en,secondary,0.7829,0.7226,0.8392,0.3837,0.0599,0.238,0.1543,0.3236,0.3552,,,,,,,,,,
validation,laya_multi_en_m2m100.max.p5_position,laya_multi_en_m2m100,max.p5_position,laya,en,secondary,0.7096,0.6443,0.7697,0.2143,0.3118,0.1545,0.0826,0.2306,0.2939,,,,,,,,,,
validation,laya_multi_en_m2m100.max.p6_position_reversed,laya_multi_en_m2m100,max.p6_position_reversed,laya,en,secondary,0.7074,0.6412,0.7717,0.2293,0.2646,0.173,0.0899,0.2604,0.3056,,,,,,,,,,
validation,laya_multi_en_m2m100.max.p7_coverage,laya_multi_en_m2m100,max.p7_coverage,laya,en,secondary,0.6912,0.616,0.7639,0.2623,0.4431,0.2301,0.1142,0.3581,0.3365,,,,,,,,,,
validation,laya_multi_en_m2m100.max.p8_similarity,laya_multi_en_m2m100,max.p8_similarity,laya,en,secondary,0.6606,0.5873,0.7291,0.2651,0.714,0.165,0.0962,0.2431,0.2934,,,,,,,,,,
validation,laya_multi_en_m2m100.max.nli_order_mean,laya_multi_en_m2m100,max.nli_order_mean,laya,en,secondary,0.7687,0.7093,0.8259,0.3074,0.0728,0.2148,0.1382,0.3083,0.3371,,,,,,,,,,
validation,laya_multi_en_m2m100.max.position_order_mean,laya_multi_en_m2m100,max.position_order_mean,laya,en,secondary,0.7128,0.6468,0.7722,0.2223,0.3352,0.1493,0.0791,0.2134,0.2933,,,,,,,,,,
validation,laya_multi_en_m2m100.max.panel,laya_multi_en_m2m100,max.panel,laya,en,compared,0.7704,0.7116,0.8272,0.289,0.1613,0.2753,0.1751,0.3802,0.3779,,,,,,,,,,
validation,laya_multi_en_m2m100.min.not_contradiction,laya_multi_en_m2m100,min.not_contradiction,laya,en,secondary,0.424,0.3587,0.4872,0.0974,0.9999,0.0,0.0,0.0,0.1964,,,,,,,,,,
validation,laya_multi_en_m2m100.min.not_opposite,laya_multi_en_m2m100,min.not_opposite,laya,en,secondary,0.4579,0.3915,0.5246,0.0991,0.7798,-0.0038,-0.0251,0.0122,0.192,,,,,,,,,,
validation,laya_multi_en_m2m100.concatenated.p1_nli,laya_multi_en_m2m100,concatenated.p1_nli,laya,en,secondary,0.7363,0.6612,0.8025,0.2929,0.0484,0.2632,0.1519,0.3725,0.3608,,,,,,,,,,
validation,laya_multi_en_m2m100.concatenated.p2_nli_reversed,laya_multi_en_m2m100,concatenated.p2_nli_reversed,laya,en,secondary,0.7359,0.6618,0.8036,0.3087,0.0521,0.239,0.1301,0.353,0.3445,,,,,,,,,,
validation,laya_multi_en_m2m100.concatenated.p3_inferable,laya_multi_en_m2m100,concatenated.p3_inferable,laya,en,secondary,0.7693,0.6827,0.8419,0.3619,0.05,0.2767,0.1625,0.3896,0.3737,,,,,,,,,,
validation,laya_multi_en_m2m100.concatenated.p4_supports,laya_multi_en_m2m100,concatenated.p4_supports,laya,en,secondary,0.7706,0.6839,0.8438,0.3569,0.0776,0.3032,0.1674,0.4407,0.4,,,,,,,,,,
validation,laya_multi_en_m2m100.concatenated.p5_position,laya_multi_en_m2m100,concatenated.p5_position,laya,en,secondary,0.6553,0.5864,0.7153,0.223,0.2381,0.0846,0.0195,0.1567,0.2368,,,,,,,,,,
validation,laya_multi_en_m2m100.concatenated.p6_position_reversed,laya_multi_en_m2m100,concatenated.p6_position_reversed,laya,en,secondary,0.6741,0.6005,0.7457,0.2307,0.1267,0.1712,0.0632,0.2849,0.2896,,,,,,,,,,
validation,laya_multi_en_m2m100.concatenated.p7_coverage,laya_multi_en_m2m100,concatenated.p7_coverage,laya,en,secondary,0.6717,0.5859,0.7552,0.236,0.3965,0.1559,0.0342,0.2795,0.2484,,,,,,,,,,
validation,laya_multi_en_m2m100.concatenated.p8_similarity,laya_multi_en_m2m100,concatenated.p8_similarity,laya,en,secondary,0.6311,0.5527,0.7112,0.1944,0.68,0.1322,0.056,0.2031,0.2623,,,,,,,,,,
validation,laya_multi_en_m2m100.concatenated.nli_order_mean,laya_multi_en_m2m100,concatenated.nli_order_mean,laya,en,secondary,0.7375,0.6639,0.8042,0.3086,0.0876,0.2221,0.1135,0.3397,0.3348,,,,,,,,,,
validation,laya_multi_en_m2m100.concatenated.position_order_mean,laya_multi_en_m2m100,concatenated.position_order_mean,laya,en,secondary,0.669,0.5973,0.7332,0.2334,0.1382,0.1256,0.0226,0.2402,0.2511,,,,,,,,,,
validation,laya_multi_en_m2m100.concatenated.panel,laya_multi_en_m2m100,concatenated.panel,laya,en,secondary,0.7535,0.6767,0.8209,0.3151,0.2039,0.2241,0.1108,0.3421,0.3363,,,,,,,,,,
validation,laya_multi_en_m2m100.concatenated.not_contradiction,laya_multi_en_m2m100,concatenated.not_contradiction,laya,en,secondary,0.4037,0.3341,0.4755,0.1069,1.0,0.0,0.0,0.0,0.1964,,,,,,,,,,
validation,laya_multi_en_m2m100.concatenated.not_opposite,laya_multi_en_m2m100,concatenated.not_opposite,laya,en,secondary,0.6027,0.5451,0.6556,0.1686,0.7672,0.0598,0.017,0.1005,0.2301,,,,,,,,,,
validation,laya_en_en_m2m100.max.p1_nli,laya_en_en_m2m100,max.p1_nli,laya,en,secondary,0.8137,0.7592,0.8657,0.4113,0.1379,0.2786,0.1866,0.3872,0.3791,,,,,,,,,,
validation,laya_en_en_m2m100.max.p2_nli_reversed,laya_en_en_m2m100,max.p2_nli_reversed,laya,en,secondary,0.815,0.7615,0.866,0.4126,0.1173,0.2934,0.1925,0.4122,0.3902,,,,,,,,,,
validation,laya_en_en_m2m100.max.p3_inferable,laya_en_en_m2m100,max.p3_inferable,laya,en,secondary,0.8061,0.7506,0.858,0.4139,0.1356,0.2882,0.1881,0.3925,0.3778,,,,,,,,,,
validation,laya_en_en_m2m100.max.p4_supports,laya_en_en_m2m100,max.p4_supports,laya,en,secondary,0.8091,0.751,0.8614,0.3965,0.2598,0.2953,0.2002,0.4009,0.3983,,,,,,,,,,
validation,laya_en_en_m2m100.max.p5_position,laya_en_en_m2m100,max.p5_position,laya,en,secondary,0.7794,0.7258,0.8369,0.315,0.6045,0.2505,0.1622,0.3653,0.3605,,,,,,,,,,
validation,laya_en_en_m2m100.max.p6_position_reversed,laya_en_en_m2m100,max.p6_position_reversed,laya,en,secondary,0.7837,0.7364,0.8361,0.3104,0.5772,0.3011,0.1996,0.4272,0.396,,,,,,,,,,
validation,laya_en_en_m2m100.max.p7_coverage,laya_en_en_m2m100,max.p7_coverage,laya,en,secondary,0.7664,0.712,0.8222,0.2992,0.5903,0.2539,0.1515,0.3581,0.3594,,,,,,,,,,
validation,laya_en_en_m2m100.max.p8_similarity,laya_en_en_m2m100,max.p8_similarity,laya,en,secondary,0.7684,0.7149,0.822,0.3067,0.7075,0.2088,0.1223,0.3007,0.3308,,,,,,,,,,
validation,laya_en_en_m2m100.max.nli_order_mean,laya_en_en_m2m100,max.nli_order_mean,laya,en,secondary,0.8148,0.7607,0.8654,0.4117,0.1223,0.2871,0.186,0.409,0.3842,,,,,,,,,,
validation,laya_en_en_m2m100.max.position_order_mean,laya_en_en_m2m100,max.position_order_mean,laya,en,secondary,0.7807,0.729,0.8361,0.3096,0.6066,0.2552,0.1537,0.3756,0.3628,,,,,,,,,,
validation,laya_en_en_m2m100.max.panel,laya_en_en_m2m100,max.panel,laya,en,compared,0.802,0.7467,0.8548,0.3591,0.4039,0.2714,0.1878,0.3723,0.3772,,,,,,,,,,
validation,laya_en_en_m2m100.min.not_contradiction,laya_en_en_m2m100,min.not_contradiction,laya,en,secondary,0.4412,0.3804,0.5132,0.0969,0.9392,-0.0582,-0.1105,-0.0051,0.1276,,,,,,,,,,
validation,laya_en_en_m2m100.min.not_opposite,laya_en_en_m2m100,min.not_opposite,laya,en,secondary,0.4614,0.405,0.5272,0.0968,0.7538,-0.0088,-0.0418,0.0242,0.1766,,,,,,,,,,
validation,laya_en_en_m2m100.concatenated.p1_nli,laya_en_en_m2m100,concatenated.p1_nli,laya,en,secondary,0.77,0.6756,0.8405,0.3898,0.1066,0.2516,0.133,0.3758,0.3578,,,,,,,,,,
validation,laya_en_en_m2m100.concatenated.p2_nli_reversed,laya_en_en_m2m100,concatenated.p2_nli_reversed,laya,en,secondary,0.7694,0.6805,0.8393,0.3968,0.0871,0.2792,0.1647,0.3882,0.3756,,,,,,,,,,
validation,laya_en_en_m2m100.concatenated.p3_inferable,laya_en_en_m2m100,concatenated.p3_inferable,laya,en,secondary,0.768,0.6913,0.8269,0.382,0.1646,0.2874,0.1873,0.3895,0.3913,,,,,,,,,,
validation,laya_en_en_m2m100.concatenated.p4_supports,laya_en_en_m2m100,concatenated.p4_supports,laya,en,secondary,0.7826,0.7107,0.8383,0.4135,0.108,0.285,0.1785,0.3923,0.3874,,,,,,,,,,
validation,laya_en_en_m2m100.concatenated.p5_position,laya_en_en_m2m100,concatenated.p5_position,laya,en,secondary,0.7307,0.6574,0.7952,0.2365,0.3355,0.2184,0.1046,0.336,0.3232,,,,,,,,,,
validation,laya_en_en_m2m100.concatenated.p6_position_reversed,laya_en_en_m2m100,concatenated.p6_position_reversed,laya,en,secondary,0.7355,0.6652,0.8013,0.2605,0.302,0.266,0.1495,0.3886,0.3671,,,,,,,,,,
validation,laya_en_en_m2m100.concatenated.p7_coverage,laya_en_en_m2m100,concatenated.p7_coverage,laya,en,secondary,0.7084,0.6277,0.7813,0.217,0.651,0.1679,0.0722,0.2663,0.3036,,,,,,,,,,
validation,laya_en_en_m2m100.concatenated.p8_similarity,laya_en_en_m2m100,concatenated.p8_similarity,laya,en,secondary,0.7111,0.633,0.7784,0.2465,0.682,0.193,0.0943,0.3061,0.3182,,,,,,,,,,
validation,laya_en_en_m2m100.concatenated.nli_order_mean,laya_en_en_m2m100,concatenated.nli_order_mean,laya,en,secondary,0.7699,0.6787,0.8407,0.3947,0.1425,0.2543,0.1503,0.3667,0.3692,,,,,,,,,,
validation,laya_en_en_m2m100.concatenated.position_order_mean,laya_en_en_m2m100,concatenated.position_order_mean,laya,en,secondary,0.7345,0.6638,0.7993,0.2491,0.3321,0.2589,0.1442,0.3737,0.3619,,,,,,,,,,
validation,laya_en_en_m2m100.concatenated.panel,laya_en_en_m2m100,concatenated.panel,laya,en,secondary,0.7643,0.6845,0.8278,0.3171,0.301,0.2664,0.1562,0.3718,0.3745,,,,,,,,,,
validation,laya_en_en_m2m100.concatenated.not_contradiction,laya_en_en_m2m100,concatenated.not_contradiction,laya,en,secondary,0.4767,0.4114,0.5403,0.1017,0.9714,-0.0195,-0.0605,0.0168,0.1693,,,,,,,,,,
validation,laya_en_en_m2m100.concatenated.not_opposite,laya_en_en_m2m100,concatenated.not_opposite,laya,en,secondary,0.69,0.6218,0.7525,0.1681,0.8446,0.1622,0.0817,0.2453,0.3003,,,,,,,,,,
validation,xnli_mdeberta_en_m2m100.max.entailment,xnli_mdeberta_en_m2m100,max.entailment,nli,en,compared,0.7441,0.663,0.8147,0.2847,0.7018,0.2275,0.1242,0.3313,0.3509,,,,,,,,,,
validation,xnli_mdeberta_en_m2m100.min.not_contradiction,xnli_mdeberta_en_m2m100,min.not_contradiction,nli,en,secondary,0.4568,0.388,0.5376,0.1076,0.9971,-0.0287,-0.0622,-0.0008,0.1688,,,,,,,,,,
validation,xnli_mdeberta_en_m2m100.concatenated.entailment,xnli_mdeberta_en_m2m100,concatenated.entailment,nli,en,secondary,0.6772,0.592,0.7504,0.2087,0.2655,0.1357,0.0416,0.2348,0.2737,,,,,,,,,,
validation,xnli_mdeberta_en_m2m100.concatenated.not_contradiction,xnli_mdeberta_en_m2m100,concatenated.not_contradiction,nli,en,secondary,0.5074,0.4328,0.5796,0.1299,0.9971,-0.0091,-0.0432,0.0306,0.1805,,,,,,,,,,
validation,cosine_serafim.max.cosine,cosine_serafim,max.cosine,cosine,pt,secondary,0.7302,0.66,0.7979,0.3176,0.5335,0.2181,0.1311,0.335,0.3319,,,,,,,,,,
validation,cosine_serafim.sentence_max.cosine,cosine_serafim,sentence_max.cosine,cosine,pt,secondary,0.7728,0.7012,0.8421,0.3656,0.6031,0.2785,0.1657,0.4228,0.3846,,,,,,,,,,
validation,xnli_mdeberta.max.entailment,xnli_mdeberta,max.entailment,nli,pt,compared,0.7698,0.6962,0.8325,0.3249,0.9068,0.236,0.1303,0.3524,0.3556,,,,,,,,,,
validation,xnli_mdeberta.min.not_contradiction,xnli_mdeberta,min.not_contradiction,nli,pt,secondary,0.4601,0.3864,0.5459,0.1053,0.9948,-0.0198,-0.0564,0.0111,0.172,,,,,,,,,,
validation,xnli_mdeberta.concatenated.entailment,xnli_mdeberta,concatenated.entailment,nli,pt,secondary,0.7285,0.6598,0.792,0.2368,0.4936,0.1874,0.0856,0.2869,0.3108,,,,,,,,,,
validation,xnli_mdeberta.concatenated.not_contradiction,xnli_mdeberta,concatenated.not_contradiction,nli,pt,secondary,0.5863,0.5126,0.6594,0.1499,0.9983,0.0359,-0.0116,0.0937,0.2137,,,,,,,,,,
validation,assin2_mdeberta.max.entailment,assin2_mdeberta,max.entailment,nli,pt,secondary,0.6943,0.6162,0.7669,0.1791,0.0,0.1383,0.0743,0.2269,0.2919,,,,,,,,,,
validation,assin2_mdeberta.concatenated.entailment,assin2_mdeberta,concatenated.entailment,nli,pt,secondary,0.5085,0.4065,0.6178,0.1149,0.0,0.0084,-0.0554,0.071,0.1845,,,,,,,,,,
validation,laya_multi_pt.max.consensus,laya_multi_pt,max.consensus,laya,pt,secondary,0.7291,0.6626,0.7894,0.2569,0.3,0.307,0.1958,0.4125,0.3979,,,,,,,,,,
validation,laya_multi_pt.max.stacked,laya_multi_pt,max.stacked,laya,pt,secondary,0.784,0.7191,0.8419,0.3529,0.7322,0.2884,0.1793,0.3957,0.3865,,,,,,,,,,
validation,laya_multi_en.max.consensus,laya_multi_en,max.consensus,laya,en,secondary,0.7309,0.6656,0.7934,0.279,0.5,0.2777,0.1737,0.4088,0.3796,,,,,,,,,,
validation,laya_multi_en.max.stacked,laya_multi_en,max.stacked,laya,en,secondary,0.7525,0.6907,0.8141,0.3388,0.796,0.2468,0.1471,0.3714,0.3636,,,,,,,,,,
validation,laya_en_en.max.consensus,laya_en_en,max.consensus,laya,en,secondary,0.7364,0.6823,0.7945,0.2462,0.5,0.2739,0.168,0.395,0.3756,,,,,,,,,,
validation,laya_en_en.max.stacked,laya_en_en,max.stacked,laya,en,secondary,0.8092,0.7489,0.8616,0.381,0.8239,0.3161,0.231,0.4052,0.4194,,,,,,,,,,
validation,laya_multi_en_m2m100.max.consensus,laya_multi_en_m2m100,max.consensus,laya,en,secondary,0.7272,0.671,0.7874,0.2485,0.3,0.2263,0.133,0.3316,0.3391,,,,,,,,,,
validation,laya_multi_en_m2m100.max.stacked,laya_multi_en_m2m100,max.stacked,laya,en,secondary,0.7719,0.7105,0.8307,0.3442,0.7977,0.2255,0.1373,0.3129,0.3469,,,,,,,,,,
validation,laya_en_en_m2m100.max.consensus,laya_en_en_m2m100,max.consensus,laya,en,secondary,0.735,0.6776,0.7953,0.2542,0.5,0.2859,0.1923,0.3998,0.3846,,,,,,,,,,
validation,laya_en_en_m2m100.max.stacked,laya_en_en_m2m100,max.stacked,laya,en,secondary,0.8008,0.7486,0.8557,0.3403,0.7609,0.2388,0.1408,0.3489,0.347,,,,,,,,,,
validation,judge.prompt_1_gpt-4o-mini-2024-07-18,llm_judge,prompt_1_gpt-4o-mini-2024-07-18,llm_judge,,reference_judge,,,,,,0.6909,0.5692,0.787,0.7206,,,,,,,,,,
validation,judge.prompt_2_gpt-4o-mini-2024-07-18,llm_judge,prompt_2_gpt-4o-mini-2024-07-18,llm_judge,,judge,,,,,,0.5545,0.4496,0.647,0.6175,,,,,,,,,,
validation,judge.prompt_3_gpt-4o-mini-2024-07-18,llm_judge,prompt_3_gpt-4o-mini-2024-07-18,llm_judge,,judge,,,,,,0.2576,0.1805,0.3385,0.3859,,,,,,,,,,
validation,judge.prompt_1_gpt-4o-2024-08-06,llm_judge,prompt_1_gpt-4o-2024-08-06,llm_judge,,judge,,,,,,0.611,0.5046,0.6949,0.6536,,,,,,,,,,
validation,judge.prompt_2_gpt-4o-2024-08-06,llm_judge,prompt_2_gpt-4o-2024-08-06,llm_judge,,judge,,,,,,0.5115,0.3888,0.6166,0.5806,,,,,,,,,,
validation,judge.prompt_3_gpt-4o-2024-08-06,llm_judge,prompt_3_gpt-4o-2024-08-06,llm_judge,,judge,,,,,,0.3985,0.3009,0.4925,0.4948,,,,,,,,,,
validation,judge.prompt_1_deepseek-chat,llm_judge,prompt_1_deepseek-chat,llm_judge,,judge,,,,,,0.6117,0.4793,0.7128,0.6457,,,,,,,,,,
validation,judge.prompt_2_deepseek-chat,llm_judge,prompt_2_deepseek-chat,llm_judge,,judge,,,,,,0.7114,0.6032,0.8101,0.7436,,,,,,,,,,
validation,judge.prompt_3_deepseek-chat,llm_judge,prompt_3_deepseek-chat,llm_judge,,judge,,,,,,0.5369,0.4127,0.6424,0.6027,,,,,,,,,,
validation,judge.prompt_1_sabia-3.1-2025-05-08,llm_judge,prompt_1_sabia-3.1-2025-05-08,llm_judge,,judge,,,,,,0.5477,0.4187,0.6517,0.5854,,,,,,,,,,
validation,judge.prompt_2_sabia-3.1-2025-05-08,llm_judge,prompt_2_sabia-3.1-2025-05-08,llm_judge,,judge,,,,,,0.5716,0.4317,0.6861,0.6119,,,,,,,,,,
validation,judge.prompt_3_sabia-3.1-2025-05-08,llm_judge,prompt_3_sabia-3.1-2025-05-08,llm_judge,,judge,,,,,,0.5975,0.4623,0.7058,0.6389,,,,,,,,,,
validation,laya_multi_en.max.panel,laya_multi_en,max.panel,declared_comparison,en,comparison,,,,,,,,,,C01_translation_effect_laya_multilingual,main,laya_multi_pt.max.panel,roc_auc,-0.018,-0.0571,0.0307,0.43156843156843155,1.0,
validation,laya_en_en.max.panel,laya_en_en,max.panel,declared_comparison,en,comparison,,,,,,,,,,C02_english_checkpoint_on_translation_vs_multilingual_on_portuguese,main,laya_multi_pt.max.panel,roc_auc,0.0245,-0.0224,0.078,0.3276723276723277,1.0,
validation,xnli_mdeberta_en.max.entailment,xnli_mdeberta_en,max.entailment,declared_comparison,en,comparison,,,,,,,,,,C03_translation_effect_xnli,main,xnli_mdeberta.max.entailment,roc_auc,-0.0159,-0.0499,0.0164,0.33766233766233766,1.0,
validation,laya_multi_pt.max.panel,laya_multi_pt,max.panel,declared_comparison,pt,comparison,,,,,,,,,,C04_laya_multi_pt_vs_v1_primary,main,xnli_mdeberta.max.entailment,roc_auc,0.0116,-0.0574,0.0751,0.6793206793206793,1.0,
validation,laya_multi_en.max.panel,laya_multi_en,max.panel,declared_comparison,en,comparison,,,,,,,,,,C05_laya_multi_en_vs_v1_primary,main,xnli_mdeberta.max.entailment,roc_auc,-0.0064,-0.066,0.0644,0.8671328671328671,1.0,
validation,laya_en_en.max.panel,laya_en_en,max.panel,declared_comparison,en,comparison,,,,,,,,,,C06_laya_en_en_vs_v1_primary,main,xnli_mdeberta.max.entailment,roc_auc,0.0361,-0.0191,0.0929,0.1938061938061938,1.0,
validation,laya_multi_pt.max.panel,laya_multi_pt,max.panel,declared_comparison,pt,comparison,,,,,,,,,,C09_laya_multi_pt_vs_reference_judge,main,reference_judge,cohen_kappa,-0.4159,-0.5417,-0.2907,0.001998001998001998,0.01998001998001998,
validation,laya_multi_en.max.panel,laya_multi_en,max.panel,declared_comparison,en,comparison,,,,,,,,,,C10_laya_multi_en_vs_reference_judge,main,reference_judge,cohen_kappa,-0.4433,-0.5615,-0.3276,0.001998001998001998,0.01998001998001998,
validation,laya_en_en.max.panel,laya_en_en,max.panel,declared_comparison,en,comparison,,,,,,,,,,C11_laya_en_en_vs_reference_judge,main,reference_judge,cohen_kappa,-0.4257,-0.5515,-0.3014,0.001998001998001998,0.01998001998001998,
validation,xnli_mdeberta_en.max.entailment,xnli_mdeberta_en,max.entailment,declared_comparison,en,comparison,,,,,,,,,,C12_xnli_mdeberta_en_vs_reference_judge,main,reference_judge,cohen_kappa,-0.4853,-0.5905,-0.3855,0.001998001998001998,0.01998001998001998,
validation,laya_multi_en_m2m100.max.panel,laya_multi_en_m2m100,max.panel,declared_comparison,en,comparison,,,,,,,,,,T01_translation_model_laya_multilingual,translation_model,laya_multi_en.max.panel,roc_auc,0.007,-0.0313,0.0462,0.7692307692307693,1.0,
validation,laya_en_en_m2m100.max.panel,laya_en_en_m2m100,max.panel,declared_comparison,en,comparison,,,,,,,,,,T02_translation_model_laya_english,translation_model,laya_en_en.max.panel,roc_auc,-0.0039,-0.0318,0.0316,0.8211788211788211,1.0,
validation,xnli_mdeberta_en_m2m100.max.entailment,xnli_mdeberta_en_m2m100,max.entailment,declared_comparison,en,comparison,,,,,,,,,,T03_translation_model_xnli,translation_model,xnli_mdeberta_en.max.entailment,roc_auc,-0.0098,-0.04,0.016,0.4595404595404595,1.0,
validation,laya_multi_en_m2m100.max.panel,laya_multi_en_m2m100,max.panel,declared_comparison,en,comparison,,,,,,,,,,T04_m2m100_laya_multilingual_vs_portuguese,translation_model,laya_multi_pt.max.panel,roc_auc,-0.011,-0.0506,0.0365,0.6633366633366633,1.0,
validation,laya_en_en_m2m100.max.panel,laya_en_en_m2m100,max.panel,declared_comparison,en,comparison,,,,,,,,,,T05_m2m100_laya_english_vs_portuguese,translation_model,laya_multi_pt.max.panel,roc_auc,0.0206,-0.0224,0.0786,0.37362637362637363,1.0,
validation,xnli_mdeberta_en_m2m100.max.entailment,xnli_mdeberta_en_m2m100,max.entailment,declared_comparison,en,comparison,,,,,,,,,,T06_m2m100_translation_effect_xnli,translation_model,xnli_mdeberta.max.entailment,roc_auc,-0.0257,-0.058,0.0091,0.14385614385614387,1.0,
validation,laya_multi_en_m2m100.max.panel,laya_multi_en_m2m100,max.panel,declared_comparison,en,comparison,,,,,,,,,,T07_m2m100_laya_multi_en_vs_v1_primary,translation_model,xnli_mdeberta.max.entailment,roc_auc,0.0006,-0.0538,0.066,0.9690309690309691,1.0,
validation,laya_en_en_m2m100.max.panel,laya_en_en_m2m100,max.panel,declared_comparison,en,comparison,,,,,,,,,,T08_m2m100_laya_en_en_vs_v1_primary,translation_model,xnli_mdeberta.max.entailment,roc_auc,0.0322,-0.017,0.0937,0.2217782217782218,1.0,
validation,laya_multi_en_m2m100.max.panel,laya_multi_en_m2m100,max.panel,declared_comparison,en,comparison,,,,,,,,,,T09_m2m100_laya_multi_en_vs_reference_judge,translation_model,reference_judge,cohen_kappa,-0.4156,-0.5292,-0.3078,0.001998001998001998,0.021978021978021976,
validation,laya_en_en_m2m100.max.panel,laya_en_en_m2m100,max.panel,declared_comparison,en,comparison,,,,,,,,,,T10_m2m100_laya_en_en_vs_reference_judge,translation_model,reference_judge,cohen_kappa,-0.4195,-0.5161,-0.3181,0.001998001998001998,0.021978021978021976,
validation,xnli_mdeberta_en_m2m100.max.entailment,xnli_mdeberta_en_m2m100,max.entailment,declared_comparison,en,comparison,,,,,,,,,,T11_m2m100_xnli_mdeberta_en_vs_reference_judge,translation_model,reference_judge,cohen_kappa,-0.4634,-0.5756,-0.3579,0.001998001998001998,0.021978021978021976,
validation,jev_en.max.panel,jev_en,max.panel,declared_comparison,en,comparison,,,,,,,,,,C07_translation_effect_jev,jev,jev_pt.max.panel,roc_auc,,,,,1.0,jev_en.max.panel;jev_pt.max.panel
validation,jev_en.max.panel,jev_en,max.panel,declared_comparison,en,comparison,,,,,,,,,,C08_jev_en_vs_v1_primary,jev,xnli_mdeberta.max.entailment,roc_auc,,,,,1.0,jev_en.max.panel
validation,jev_en.max.panel,jev_en,max.panel,declared_comparison,en,comparison,,,,,,,,,,C13_jev_en_vs_reference_judge,jev,reference_judge,cohen_kappa,,,,,1.0,jev_en.max.panel
validation,jev_pt.max.panel,jev_pt,max.panel,declared_comparison,pt,comparison,,,,,,,,,,C14_jev_pt_vs_reference_judge,jev,reference_judge,cohen_kappa,,,,,1.0,jev_pt.max.panel
